name,honorific,title,category,profile_url
Uwe Aickelin,Prof,Head of School,Leadership,https://findanexpert.unimelb.edu.au/profile/815636
Jenny Waycott,Prof,"Deputy Head, Research",Leadership,https://findanexpert.unimelb.edu.au/profile/52243
Adrian Pearce,Prof,"Deputy Head, Engagement",Leadership,https://findanexpert.unimelb.edu.au/profile/14397
Artem Polyvyanyy,A/Prof,Deputy Head of School (Academic Quality),Leadership,https://findanexpert.unimelb.edu.au/profile/817239
Shaanan Cohney,Dr,Deputy Head of School (Academic Strategy),Leadership,https://findanexpert.unimelb.edu.au/profile/640004
Antonette Mendoza,A/Prof,"Director, Education",Leadership,https://findanexpert.unimelb.edu.au/profile/6868
Annaliese McPharlin,,"Operations Manager, CIS",Leadership,N/A
Reeva Lederman,Prof,School Executive Member,Leadership,https://findanexpert.unimelb.edu.au/profile/5168
Ben Rubinstein,Prof,School Executive Member,Leadership,https://findanexpert.unimelb.edu.au/profile/20074
Ofir Turel,Prof,School Executive Member,Leadership,https://findanexpert.unimelb.edu.au/profile/883811
Shanika Karunasekera,Prof,School Executive Member,Leadership,https://findanexpert.unimelb.edu.au/profile/18115
Cezary Kaliszyk,Prof,School Executive Member,Leadership,https://findanexpert.unimelb.edu.au/profile/1063018
Toby Murray,Prof,School Executive Member,Leadership,https://findanexpert.unimelb.edu.au/profile/780796
Kris Ehinger,A/Prof,School Executive Member,Leadership,https://findanexpert.unimelb.edu.au/profile/850727
Wafa Johal,A/Prof,School Executive Member,Leadership,https://findanexpert.unimelb.edu.au/profile/892823
Nir Lipovetzky,A/Prof,School Executive Member,Leadership,https://findanexpert.unimelb.edu.au/profile/565558
Jorge Goncalves,A/Prof,School Executive Member,Leadership,https://findanexpert.unimelb.edu.au/profile/803639
Chris Ewin,Dr,BScience (Computing and Software Systems) & Diploma of Computing,Program coordinators,https://findanexpert.unimelb.edu.au/profile/579778
Junhao Gan,,Master of Information Technology,Program coordinators,https://findanexpert.unimelb.edu.au/profile/831627
Jean Honorio,Dr,Master of Data Science,Program coordinators,https://findanexpert.unimelb.edu.au/profile/1066217
Jey Han Lau,Dr,Graduate Research Coordinator (Current Students),Program coordinators,https://findanexpert.unimelb.edu.au/profile/385601
Bach Le,Dr,Master of Software Engineering,Program coordinators,https://findanexpert.unimelb.edu.au/profile/853277
Libo Liu,Dr,Master of Information Systems,Program coordinators,https://findanexpert.unimelb.edu.au/profile/864133
Ling Luo,Dr,"Master of Computer Science, GDip (Computer Science)",Program coordinators,https://findanexpert.unimelb.edu.au/profile/849504
Roisin McNaney,A/Prof,Graduate Research Coordinator (Current Students),Program coordinators,https://findanexpert.unimelb.edu.au/profile/1117121
Jianzhong Qi,A/Prof,Graduate Research Coordinator (Future Students),Program coordinators,https://findanexpert.unimelb.edu.au/profile/430525
Patanamon Thongtanunam,Dr,Graduate Research Coordinator (Current Students),Program coordinators,https://findanexpert.unimelb.edu.au/profile/833794
Greg Wadley,Dr,"BDesign (Digital Technologies), BDesign (User Experience Design)",Program coordinators,https://findanexpert.unimelb.edu.au/profile/1536
Amani Abusafia,Dr,Lecturer,Surnames A-D,https://findanexpert.unimelb.edu.au/profile/1109200
Atif Ahmad,Prof,Professor,Surnames A-D,https://findanexpert.unimelb.edu.au/profile/1601
Uwe Aickelin,Prof,Professor and Head of School,Surnames A-D,https://findanexpert.unimelb.edu.au/profile/815636
Naveed Akhtar,Dr,Senior Lecturer in Machine Learning & ARC DECRA Senior Fellow,Surnames A-D,https://findanexpert.unimelb.edu.au/profile/1050019
Lachlan Andrew,Dr,Lecturer,Surnames A-D,https://findanexpert.unimelb.edu.au/profile/15524
Madeleine Antonellos,,Tutor - Education Focussed,Surnames A-D,https://findanexpert.unimelb.edu.au/profile/851650
Abel Armas Cervantes,Dr,Lecturer In Information Systems,Surnames A-D,https://findanexpert.unimelb.edu.au/profile/822941
Arzoo Atiq,Dr,Lecturer,Surnames A-D,https://findanexpert.unimelb.edu.au/profile/1003878
James Bailey,Prof,Professor,Surnames A-D,https://findanexpert.unimelb.edu.au/profile/351
Tim Baldwin,Prof,Professor,Surnames A-D,https://findanexpert.unimelb.edu.au/profile/28799
Tingting Bi,,,Surnames A-D,N/A
Renata Borovica-Gajic,A/Prof,"ARC DECRA Fellow, Associate Dean (Diversity & Inclusion)",Surnames A-D,https://findanexpert.unimelb.edu.au/profile/794609
Rajkumar Buyya,Prof,Redmond Barry Distinguished Professor,Surnames A-D,https://findanexpert.unimelb.edu.au/profile/7930
Daniel Capurro,A/Prof,Associate Professor In Digital Health,Surnames A-D,https://findanexpert.unimelb.edu.au/profile/852679
Huey Yee Chan,Ms,Workshop Coordinator,Surnames A-D,https://findanexpert.unimelb.edu.au/profile/675952
Shanton Chang,Prof,Associate Dean (International),Surnames A-D,https://findanexpert.unimelb.edu.au/profile/3747
Geela Chee,Dr,Lecturer (Education Specialist) Cis,Surnames A-D,https://findanexpert.unimelb.edu.au/profile/1017400
Bin Chen,Dr,Lecturer In Computer Graphics,Surnames A-D,https://findanexpert.unimelb.edu.au/profile/1087324
Marc Cheong,Dr,Senior Lecturer - Information Systems,Surnames A-D,https://findanexpert.unimelb.edu.au/profile/862627
Andrew Chester,Dr,Associate Lecturer (Education Specialist),Surnames A-D,https://findanexpert.unimelb.edu.au/profile/418940
Rajesh Chittor Sundaram,Dr,Associate Lecturer,Surnames A-D,https://findanexpert.unimelb.edu.au/profile/815704
Farhana Choudhury,Dr,Senior Lecturer,Surnames A-D,https://findanexpert.unimelb.edu.au/profile/835663
Winn Chow,Dr,Senior Lecturer - Subject Cluster,Surnames A-D,https://findanexpert.unimelb.edu.au/profile/4556
Simon Coghlan,Dr,Senior Lecturer In Digital Ethics,Surnames A-D,https://findanexpert.unimelb.edu.au/profile/787891
Trevor Cohn,Prof,Professor,Surnames A-D,https://findanexpert.unimelb.edu.au/profile/20075
Shaanan Cohney,Dr,Senior Lecturer In Cyber Security,Surnames A-D,https://findanexpert.unimelb.edu.au/profile/640004
Mike Conway,Dr,Senior Lecturer In Digital Health,Surnames A-D,https://findanexpert.unimelb.edu.au/profile/886714
Tingru Cui,Dr,Senior Lecturer In Information Systems,Surnames A-D,https://findanexpert.unimelb.edu.au/profile/864434
Simon D'Alfonso,Dr,Senior Lecturer In Digital Health,Surnames A-D,https://findanexpert.unimelb.edu.au/profile/180658
Ting Dang,Dr,Senior Lecturer In Digital Innovation,Surnames A-D,https://findanexpert.unimelb.edu.au/profile/1065466
Philip Dart,Dr,Senior Lecturer,Surnames A-D,https://findanexpert.unimelb.edu.au/profile/56684
Christine de Kock,Dr,Lecturer / Doreen Thomas Fellow,Surnames A-D,https://findanexpert.unimelb.edu.au/profile/1043001
Trina Dey,,Teaching Specialist,Surnames A-D,N/A
Rod Dilnutt,Dr,Senior Lecturer,Surnames A-D,https://findanexpert.unimelb.edu.au/profile/12147
Suelette Dreyfus,Dr,Academic Media Specialist,Surnames A-D,https://findanexpert.unimelb.edu.au/profile/7291
Tom Drummond,Prof,Professor At Melbourne Connect,Surnames A-D,https://findanexpert.unimelb.edu.au/profile/198786
Kris Ehinger,A/Prof,Associate Professor,Surnames E-L,https://findanexpert.unimelb.edu.au/profile/850727
Sarah Monazam Erfani,A/Prof,Associate Professor / ARC DECRA Fellow,Surnames E-L,https://findanexpert.unimelb.edu.au/profile/639922
Chris Ewin,Dr,Senior Lecturer in Applied Computing,Surnames E-L,https://findanexpert.unimelb.edu.au/profile/579778
Grady Fitzpatrick,Ms,"Associate Lecturer, CIS Education Specialist",Surnames E-L,https://findanexpert.unimelb.edu.au/profile/686933
Lea Frermann,Dr,Senior Lecturer / ARC DECRA Fellow,Surnames E-L,https://findanexpert.unimelb.edu.au/profile/835002
Michael Fu,,"Lecturer, Software Engineering",Surnames E-L,https://findanexpert.unimelb.edu.au/profile/1116223
Junhao Gan,Dr,Senior Lecturer,Surnames E-L,https://findanexpert.unimelb.edu.au/profile/831627
Nic Geard,A/Prof,Associate Professor,Surnames E-L,https://findanexpert.unimelb.edu.au/profile/432264
Adelaide Genay,Dr,Lecturer In Computer Graphics & Visualisation,Surnames E-L,https://findanexpert.unimelb.edu.au/profile/1051140
Martin Gibbs,Prof,Professor,Surnames E-L,https://findanexpert.unimelb.edu.au/profile/15578
Jorge Goncalves,A/Prof,Associate Professor In Human-computer Interaction,Surnames E-L,https://findanexpert.unimelb.edu.au/profile/803639
Kathleen Gray,Prof,Professor,Surnames E-L,https://findanexpert.unimelb.edu.au/profile/131878
Caren Han,Dr,Senior Lecturer In Digital Innovation,Surnames E-L,https://findanexpert.unimelb.edu.au/profile/1060937
Eun-Jung Holden,Prof,Professor Of Digital Innovation,Surnames E-L,https://findanexpert.unimelb.edu.au/profile/1053597
Jean Honorio,Dr,Senior Lecturer In Machine Learning,Surnames E-L,https://findanexpert.unimelb.edu.au/profile/1066217
Eduard Hovy,Prof,"Executive Director, Melbourne Connect",Surnames E-L,https://findanexpert.unimelb.edu.au/profile/887453
Tawfiq Islam,Dr,Lecturer,Surnames E-L,https://findanexpert.unimelb.edu.au/profile/845353
Wafa Johal,A/Prof,Associate Professor In Digital Innovation / ARC DECRA Fellow,Surnames E-L,https://findanexpert.unimelb.edu.au/profile/892823
Cezary Kaliszyk,Prof,Professor In Theoretical Computing Science,Surnames E-L,https://findanexpert.unimelb.edu.au/profile/1063018
Shanika Karunasekera,Prof,"Deputy Dean, Academic",Surnames E-L,https://findanexpert.unimelb.edu.au/profile/18115
Michael Kirley,Prof,Professor,Surnames E-L,https://findanexpert.unimelb.edu.au/profile/26129
Vassilis Kostakos,Prof,Professor Of Human Computer Interaction,Surnames E-L,https://findanexpert.unimelb.edu.au/profile/799877
Lars Kulik,Prof,Professor,Surnames E-L,https://findanexpert.unimelb.edu.au/profile/97563
Sherah Kurnia,Prof,Professor,Surnames E-L,https://findanexpert.unimelb.edu.au/profile/6535
"Prof
                            Marcello La Rosa",,Honorary Professorial Fellow,Surnames E-L,N/A
Jey Han Lau,Dr,Senior Lecturer In Nlp,Surnames E-L,https://findanexpert.unimelb.edu.au/profile/385601
Bach Le,Dr,Senior Lecturer / ARC DECRA Fellow,Surnames E-L,https://findanexpert.unimelb.edu.au/profile/853277
Christopher Leckie,Prof,Professor,Surnames E-L,https://findanexpert.unimelb.edu.au/profile/6335
Reeva Lederman,Prof,Professor,Surnames E-L,https://findanexpert.unimelb.edu.au/profile/5168
Jean Lee,Dr,Associate Lecturer (Education Specialist),Surnames E-L,https://findanexpert.unimelb.edu.au/profile/1108972
Zoey Li,Dr,Associate Lecturer (Education Specialist),Surnames E-L,https://findanexpert.unimelb.edu.au/profile/1107461
Tanya Linden,Dr,Senior Teaching Fellow,Surnames E-L,https://findanexpert.unimelb.edu.au/profile/2020
Sophie Freeman,,Tutor - Education Focussed,Surnames E-L,https://findanexpert.unimelb.edu.au/profile/822710
Nir Lipovetzky,A/Prof,Associate Professor,Surnames M-R,https://findanexpert.unimelb.edu.au/profile/565558
Feng Liu,Dr,Lecturer / ARC DECRA Fellow,Surnames M-R,https://findanexpert.unimelb.edu.au/profile/958479
Libo Liu,Dr,Senior Lecturer In Information Systems,Surnames M-R,https://findanexpert.unimelb.edu.au/profile/864133
Ling Luo,Dr,Senior Lecturer,Surnames M-R,https://findanexpert.unimelb.edu.au/profile/849504
Julian Marx,,Lecturer In Information Systems,Surnames M-R,https://findanexpert.unimelb.edu.au/profile/1026082
Sean Maynard,A/Prof,Associate Professor,Surnames M-R,https://findanexpert.unimelb.edu.au/profile/1675
Antonette Mendoza,A/Prof,Education Specialist,Surnames M-R,https://findanexpert.unimelb.edu.au/profile/6868
"Dr
                            Leila Meratian Esfahani",,"Associate Lecturer, Education Specialist",Surnames M-R,N/A
Thomas Minuzzo,,Senior Tutor,Surnames M-R,N/A
Alistair Moffat,Prof,Professor,Surnames M-R,https://findanexpert.unimelb.edu.au/profile/13222
Toby Murray,Prof,Professor,Surnames M-R,https://findanexpert.unimelb.edu.au/profile/780796
Adel N. Toosi,A/Prof,Associate Professor,Surnames M-R,https://findanexpert.unimelb.edu.au/profile/689244
Bjorn Nansen,A/Prof,Associate Professor,Surnames M-R,https://findanexpert.unimelb.edu.au/profile/133029
Olya Ohrimenko,Prof,Professor,Surnames M-R,https://findanexpert.unimelb.edu.au/profile/143325
Eduardo Araujo Oliveira,Dr,Senior Lecturer,Surnames M-R,https://findanexpert.unimelb.edu.au/profile/653031
Lianglu Pan,,Associate Lecturer,Surnames M-R,https://findanexpert.unimelb.edu.au/profile/812746
Udaya Parampalli,Prof,Professor,Surnames M-R,https://findanexpert.unimelb.edu.au/profile/5683
Adrian Pearce,Prof,Professor,Surnames M-R,https://findanexpert.unimelb.edu.au/profile/14397
Stella Peng,Dr,Associate Lecturer (Education Specialist),Surnames M-R,https://findanexpert.unimelb.edu.au/profile/900451
Thuan Pham,Dr,Senior Lecturer in Cybersecurity / ARC DECRA Fellow,Surnames M-R,https://findanexpert.unimelb.edu.au/profile/875569
Artem Polyvyanyy,A/Prof,Associate Professor,Surnames M-R,https://findanexpert.unimelb.edu.au/profile/817239
Jianzhong Qi,A/Prof,Associate Professor,Surnames M-R,https://findanexpert.unimelb.edu.au/profile/430525
Maria Read,Dr,Lecturer,Surnames M-R,https://findanexpert.unimelb.edu.au/profile/776966
Taehyun Rhee,Prof,"Professor, Digital Innovation",Surnames M-R,https://findanexpert.unimelb.edu.au/profile/1084098
Christine Rizkallah,Dr,Senior Lecturer In Software Engineering,Surnames M-R,https://findanexpert.unimelb.edu.au/profile/919951
Melissa Rogerson,Dr,Senior Lecturer in Human Computer Interaction / ARC DECRA Fellow,Surnames M-R,https://findanexpert.unimelb.edu.au/profile/692202
Sarita Rosenstock,Dr,Lecturer In Fairness,Surnames M-R,https://findanexpert.unimelb.edu.au/profile/1021043
Ben Rubinstein,Prof,Professor,Surnames M-R,https://findanexpert.unimelb.edu.au/profile/20074
Hasti Samadi,Ms,Associate Lecturer,Surnames S-Z,https://findanexpert.unimelb.edu.au/profile/800086
Peter Schachte,Dr,Senior Lecturer In Software Engineering,Surnames S-Z,https://findanexpert.unimelb.edu.au/profile/456
Richard Sinnott,Prof,"Professor Applied Science & Director, E-research",Surnames S-Z,https://findanexpert.unimelb.edu.au/profile/342078
Wally Smith,Prof,Professor,Surnames S-Z,https://findanexpert.unimelb.edu.au/profile/18782
Liz Sonenberg,Prof,Professor & Pro Vice-Chancellor (Systems Innovation),Surnames S-Z,https://findanexpert.unimelb.edu.au/profile/16012
Lucy Sparrow,Dr,Lecturer,Surnames S-Z,https://findanexpert.unimelb.edu.au/profile/833179
Leon Sterling,Prof,Professor In Software Engineering,Surnames S-Z,https://findanexpert.unimelb.edu.au/profile/13376
Hira Syeda,Ms,Lecturer (Education Specialist),Surnames S-Z,https://findanexpert.unimelb.edu.au/profile/1073542
Egemen Tanin,Prof,Professor,Surnames S-Z,https://findanexpert.unimelb.edu.au/profile/22513
Patanamon Thongtanunam,Dr,Senior Lecturer / ARC DECRA Fellow,Surnames S-Z,https://findanexpert.unimelb.edu.au/profile/833794
Vi Truong,Dr,Lecturer (Education Specialist) Cis,Surnames S-Z,https://findanexpert.unimelb.edu.au/profile/960270
Ofir Turel,Prof,"Professor, Information Systems Management",Surnames S-Z,https://findanexpert.unimelb.edu.au/profile/883811
William Umboh,Dr,Lecturer In Computational Theory,Surnames S-Z,https://findanexpert.unimelb.edu.au/profile/1024118
Andrew Valentine,Dr,Teaching Fellow,Surnames S-Z,https://findanexpert.unimelb.edu.au/profile/892700
Frank Vetere,Prof,"Professor, Human-Computer Interaction",Surnames S-Z,https://findanexpert.unimelb.edu.au/profile/6534
Ekaterina Vylomova,Dr,Lecturer,Surnames S-Z,https://findanexpert.unimelb.edu.au/profile/738094
Greg Wadley,Dr,Senior Lecturer,Surnames S-Z,https://findanexpert.unimelb.edu.au/profile/1536
Jenny Waycott,Prof,Professor,Surnames S-Z,https://findanexpert.unimelb.edu.au/profile/52243
Sarah Webber,Dr,Lecturer,Surnames S-Z,https://findanexpert.unimelb.edu.au/profile/122722
Joseph West,A/Prof,Associate Professor,Surnames S-Z,https://findanexpert.unimelb.edu.au/profile/880727
Xingliang Yuan,A/Prof,Associate Professor in Computer Systems,Surnames S-Z,https://findanexpert.unimelb.edu.au/profile/1065384
Alex Zable,Mr,Associate Lecturer,Surnames S-Z,https://findanexpert.unimelb.edu.au/profile/759257
Mansooreh Zahedi,Dr,Lecturer In Software Engineering,Surnames S-Z,https://findanexpert.unimelb.edu.au/profile/893364
Justin Zobel,Prof,Redmond Barry Distinguished Professor and Pro Vice-Chancellor (Graduate & International Research),Surnames S-Z,https://findanexpert.unimelb.edu.au/profile/87273
Alejandra Abril Pareja,,Software Engineer,Professional staff,N/A
Nicole Barbee,,Cis Research Coordinator,Professional staff,N/A
Chris Bayliss,,Meg Senior Software Developer (Hats),Professional staff,N/A
Ernesto Calderon Caparo,,Software Engineer-melbourne Eresearch Group,Professional staff,N/A
Vedant Chauhan,,Software Engineer - Melbourne Eresearch Group,Professional staff,N/A
Marie Connett,,Senior Business Development Manager,Professional staff,N/A
Sonali Dias,,"HR Business Partner, FEIT",Professional staff,N/A
Hai Do,,Senior Academic Support Coordinator,Professional staff,N/A
Ran Duan,,Software Engineer,Professional staff,N/A
Richard Gillespie,,Senior Curator,Professional staff,N/A
Philip Greenwood,,AURIN Technical Implementation Manager,Professional staff,N/A
Melissa Hofsteter,,School Administrator,Professional staff,N/A
William Hu,,Endocrine Genomics Virtual Lab Software Developer,Professional staff,N/A
Zuo Huang,,Software Engineer,Professional staff,N/A
James Jayaputera,,Senior Software Engineer,Professional staff,N/A
Glenn Tesla Jayaputera,,"Associate Director, Melbourne Ereasearch Group",Professional staff,N/A
Yunjie Jia,,Software Engineer,Professional staff,N/A
Laura Juliff,,School Administrator,Professional staff,N/A
Julius Kerstien,,Software Engineer,Professional staff,N/A
Farzad Khodadadi,,Software Engineer - Melbourne Eresearch Group,Professional staff,N/A
Jinyoung Kim,,,Professional staff,N/A
Bin Liang,,Software Engineer,Professional staff,N/A
Yang Liu,,"Software Engineer, Melbourne E-research Group",Professional staff,N/A
Andrew Lo,,Research Finance Advisor,Professional staff,N/A
Caris Lockhart,,Senior Officer,Professional staff,N/A
Annette McLeod,,Research Development Manager,Professional staff,N/A
Annaliese McPharlin,,Operations Manager,Professional staff,N/A
Denise Marinaro,,Executive Assistant,Professional staff,N/A
David Meggyesy,,Software Engineer,Professional staff,N/A
Arvan Mohtaji,,Academic Programs Officer,Professional staff,N/A
Luca Morandini,,AURIN Data Architect,Professional staff,https://findanexpert.unimelb.edu.au/profile/499393
Imbi Neeme,,School Administrator,Professional staff,N/A
Ghazal Karami Nogoorani,,Senior Software Engineer,Professional staff,N/A
Alwyn Pan,,Senior Devops Engineer,Professional staff,N/A
David Price,,Software Engineer - Melbourne Eresearch Group,Professional staff,N/A
Maxim Priymak,,Software Engineer,Professional staff,N/A
Marlaina Read,,Research Communications And Engagement Lead,Professional staff,N/A
Noah Scotti,,School Administrator,Professional staff,N/A
Andrew Siebel,,Melbourne Data Analytics Platform Manager,Professional staff,N/A
Sina Sinaie,,Senior Software Engineer,Professional staff,N/A
Anthony Stell,,"Head,Clinical Informatics, Melb Eresearch Group",Professional staff,N/A
Shelley Sun,,Senior Officer,Professional staff,N/A
River Sun,,Software Engineer,Professional staff,N/A
Andrew Sun,,Software Engineer,Professional staff,N/A
Rio Susanto,,Software Engineer,Professional staff,N/A
Jean Paul Vera Soto,,Software Engineer,Professional staff,N/A
William Voorsluys,,Hats - Technical Project Manager,Professional staff,N/A
Robin Wan,,Software Engineer - Melbourne Eresearch Group,Professional staff,N/A
Jingcheng Wang,,"Software Engineer, Melbourne Eresearch Group",Professional staff,N/A
Graham Watson,,Senior Academic Support Coordinator,Professional staff,N/A
Ivo Widjaja,,Senior Ui Software Engineer,Professional staff,N/A
Chin Raun Wong,,Software Engineer,Professional staff,N/A
Effy Xia,,Incident and Student Conduct Management Officer,Professional staff,N/A
Wei Yan,,Academic Support Coordinator,Professional staff,N/A
Jie Yang,,Junior Software Developer,Professional staff,N/A
Ansonne Yap,,"Executive Officer, Defence Science Institute",Professional staff,N/A
Chen Zhang,,Software Engineer,Professional staff,N/A
Xin Zhang,,Software Developer,Professional staff,N/A
Wei Zhao,,Software Engineer,Professional staff,N/A
Basim Azam,Dr,Research Fellow,Research staff,https://findanexpert.unimelb.edu.au/profile/1065421
Aaron Bembenek,,Research Fellow - AI Human Teams for Cybersecurity,Research staff,https://findanexpert.unimelb.edu.au/profile/1049189
Michelle Blom,Dr,Senior Research Fellow In Automated Planning,Research staff,https://findanexpert.unimelb.edu.au/profile/178724
"Dr
                            Nestor Cabello Wilson",,Research Fellow in Artificial Intelligence,Research staff,N/A
Andrew Cullen,Dr,Senior Research Fellow in Adversarial Machine Learning,Research staff,https://findanexpert.unimelb.edu.au/profile/853993
Martin Cyster,Dr,"Research Fellow, Model-based Decision Support",Research staff,https://findanexpert.unimelb.edu.au/profile/1089640
Zahra Dasht Bozorgi,Dr,"Research Fellow, Digital",Research staff,https://findanexpert.unimelb.edu.au/profile/894107
Fjalar de Haan,Dr,Senior Research Fellow - Research Focussed,Research staff,https://findanexpert.unimelb.edu.au/profile/679318
Mohammad Golzarijalal,Mr,"Research Fellow, Modelling & Optimisation",Research staff,https://findanexpert.unimelb.edu.au/profile/866867
Markus Hiller,Dr,Research Fellow in AI,Research staff,https://findanexpert.unimelb.edu.au/profile/940677
Hanxun Huang,Dr,"Postdoctoral Research Fellow, Generative AI",Research staff,https://findanexpert.unimelb.edu.au/profile/888249
Yujin Huang,,Research Fellow,Research staff,https://findanexpert.unimelb.edu.au/profile/1029916
Kemal Kurniawan,Dr,Research Fellow,Research staff,https://findanexpert.unimelb.edu.au/profile/869330
Chunhua Liu,Dr,Postdoctoral Research Fellow In Nlp Technology,Research staff,https://findanexpert.unimelb.edu.au/profile/877696
Guanli Liu,Dr,Postdoctoral Research Fellow in AI-driven Databases,Research staff,https://findanexpert.unimelb.edu.au/profile/856434
Mansoureh Maadi,Dr,"Research Fellow - Digital, The ARC Digital Bioprocess Development Hub",Research staff,https://findanexpert.unimelb.edu.au/profile/891740
Neil Marchant,Dr,Research Fellow In Machine Learning,Research staff,https://findanexpert.unimelb.edu.au/profile/565139
Andres Munoz,Dr,"Senior Research Fellow, Optima",Research staff,https://findanexpert.unimelb.edu.au/profile/638622
Bastian Oetomo,Dr,"Research Fellow - Digital, The ARC Digital Bioprocess Development Hub",Research staff,https://findanexpert.unimelb.edu.au/profile/774950
"Dr
                            Yulia Otmakhova",,"Research Fellow, NLP/Media Bias",Research staff,N/A
Lianglu Pan,,Associate Lecturer,Research staff,https://findanexpert.unimelb.edu.au/profile/812746
Amirmohammad Pasdar,Dr,Postdoctoral Research Fellow in Software Security,Research staff,https://findanexpert.unimelb.edu.au/profile/1065866
"Dr
                            Giulio Passerotti",,Research Fellow,Research staff,N/A
Kushani Perera,Dr,Elizabeth & Vernon Puzey Fellowship,Research staff,https://findanexpert.unimelb.edu.au/profile/931111
Lingyan Ruan,Dr,Research Fellow,Research staff,https://findanexpert.unimelb.edu.au/profile/1102699
Long Song,Dr,Research Fellow,Research staff,https://findanexpert.unimelb.edu.au/profile/929611
Sasha Soraine,,Research Fellow Human Computer Interaction,Research staff,https://findanexpert.unimelb.edu.au/profile/1098599
Thinh Truong,,Research Fellow,Research staff,N/A
Danny Xu,,Research Fellow In Computer Vision,Research staff,https://findanexpert.unimelb.edu.au/profile/1120327
Peiyu Yang,,"Research Fellow, AI Reliability",Research staff,https://findanexpert.unimelb.edu.au/profile/1129059
Zesheng Ye,Dr,"Research Fellow, Trustworthy Machine Learning",Research staff,https://findanexpert.unimelb.edu.au/profile/1066601
Pengfei Yin,,Research Assistant in Digital Health,Research staff,N/A
Cameron Zachreson,Dr,Research Fellow In Modelling Airborne Transmission,Research staff,https://findanexpert.unimelb.edu.au/profile/872718
Wei Zhao,Dr,Research Fellow - Human-Computer Interaction,Research staff,https://findanexpert.unimelb.edu.au/profile/879158
Ying Zhao,Dr,Research Fellow,Research staff,https://findanexpert.unimelb.edu.au/profile/1079848
Zhuo Zhang,,Associate Research Fellow - Specialist,Research staff,N/A
Haolan Zhan,,Postdoctoral Research Fellow,Research staff,N/A
Amanda Belton,Ms,Research Data Specialist,Academic specialists,https://findanexpert.unimelb.edu.au/profile/865342
Craig Butler,A/Prof,"Enterprise Fellow, Defence Science",Academic specialists,https://findanexpert.unimelb.edu.au/profile/690465
Kim Doyle,Ms,Research Data Specialist,Academic specialists,https://findanexpert.unimelb.edu.au/profile/637022
Noel Faux,Dr,Senior Research Data Specialist,Academic specialists,https://findanexpert.unimelb.edu.au/profile/185634
Emily Fitzgerald,Dr,Research Data Specialist,Academic specialists,https://findanexpert.unimelb.edu.au/profile/196181
Zaher Joukhadar,Mr,Senior Research Fellow,Academic specialists,https://findanexpert.unimelb.edu.au/profile/660666
Kabir Manandhar Shrestha,Mr,Research Data Specialist (HASS),Academic specialists,https://findanexpert.unimelb.edu.au/profile/892683
Damien Mannion,Dr,Senior Research Data Specialist,Academic specialists,https://findanexpert.unimelb.edu.au/profile/1031161
Gabriele Marini,Dr,Research Data Specialist,Academic specialists,https://findanexpert.unimelb.edu.au/profile/831603
Aleks Michalewicz,Dr,Senior Research Data Specialist,Academic specialists,https://findanexpert.unimelb.edu.au/profile/27349
Mel Mistica,Dr,"Senior Research Fellow, Data Specialist",Academic specialists,https://findanexpert.unimelb.edu.au/profile/3575
Simon Mutch,Dr,Senior Research Data Specialist,Academic specialists,https://findanexpert.unimelb.edu.au/profile/484613
Priyanka Nair-Turkich,Ms,Research Data Specialist,Academic specialists,https://findanexpert.unimelb.edu.au/profile/783636
Usha Nattala,Ms,Senior Research Data Specialist,Academic specialists,https://findanexpert.unimelb.edu.au/profile/746573
Mar Quiroga,Dr,Senior Research Data Specialist,Academic specialists,https://findanexpert.unimelb.edu.au/profile/865708
Daniel Russo-Batterham,Dr,"Senior Research Fellow, Data Specialist",Academic specialists,https://findanexpert.unimelb.edu.au/profile/551741
Edoardo Tescari,Dr,Senior Research Data Specialist,Academic specialists,https://findanexpert.unimelb.edu.au/profile/428364
Karen Thompson,Ms,Senior Research Data Specialist,Academic specialists,https://findanexpert.unimelb.edu.au/profile/866064
Robert Turnbull,Dr,"Senior Research Fellow, Data Specialist",Academic specialists,https://findanexpert.unimelb.edu.au/profile/877006
Geordie Zhang,Mr,Research Data Specialist,Academic specialists,https://findanexpert.unimelb.edu.au/profile/4381
Abir Naskar,,,Artificial intelligence,https://cis.unimelb.edu.au/people/graduate-researchers/artificial-intelligence/abir-naskar
Afsaneh Hasanebrahimi,,,Artificial intelligence,https://cis.unimelb.edu.au/people/graduate-researchers/artificial-intelligence/afsaneh-hasanebrahimi
Anh Pham,,,Artificial intelligence,https://cis.unimelb.edu.au/people/graduate-researchers/artificial-intelligence/anh-pham
Anudeex Shetty,,,Artificial intelligence,https://cis.unimelb.edu.au/people/graduate-researchers/artificial-intelligence/anudeex-shetty
Aryan Yazdan Parast,,,Artificial intelligence,https://cis.unimelb.edu.au/people/graduate-researchers/artificial-intelligence/aryan-yazdan-parast
Aso Mahmudi,,,Artificial intelligence,https://cis.unimelb.edu.au/people/graduate-researchers/artificial-intelligence/aso-mahmudi
Behzad Moradi,,,Artificial intelligence,https://cis.unimelb.edu.au/people/graduate-researchers/artificial-intelligence/behzad-moradi
Canaan Yung,,,Artificial intelligence,https://cis.unimelb.edu.au/people/graduate-researchers/artificial-intelligence/canaan-yung
Chao Lei,,,Artificial intelligence,https://cis.unimelb.edu.au/people/graduate-researchers/artificial-intelligence/chao-lei
Chen Wang,,,Artificial intelligence,https://cis.unimelb.edu.au/people/graduate-researchers/artificial-intelligence/chen-wang
Chengyi Cai,,,Artificial intelligence,https://cis.unimelb.edu.au/people/graduate-researchers/artificial-intelligence/chengyi-cai
Chenhao Gu,,,Artificial intelligence,https://cis.unimelb.edu.au/people/graduate-researchers/artificial-intelligence/chenhao-gu
Christopher Guest,,,Artificial intelligence,https://cis.unimelb.edu.au/people/graduate-researchers/artificial-intelligence/christopher-guest
Craig Lewis,,,Artificial intelligence,https://cis.unimelb.edu.au/people/graduate-researchers/artificial-intelligence/craig-lewis
Damien Curran,,,Artificial intelligence,https://cis.unimelb.edu.au/people/graduate-researchers/artificial-intelligence/damian-curran
David Adams,,,Artificial intelligence,https://cis.unimelb.edu.au/people/graduate-researchers/artificial-intelligence/david-adams
Dehiwala Wijesinghe,,,Artificial intelligence,https://cis.unimelb.edu.au/people/graduate-researchers/artificial-intelligence/dehiwala
Demian Aaron Inostroza Amestica,,,Artificial intelligence,https://cis.unimelb.edu.au/people/graduate-researchers/artificial-intelligence/demian-aaron-inostroza-amestica
Diana Yang,,,Artificial intelligence,https://cis.unimelb.edu.au/people/graduate-researchers/artificial-intelligence/diana-yang
Dimuthu Kariyawasan,,,Artificial intelligence,https://cis.unimelb.edu.au/people/graduate-researchers/artificial-intelligence/dimuthu-lakmal
Dingyang Lyu,,,Artificial intelligence,https://cis.unimelb.edu.au/people/graduate-researchers/artificial-intelligence/dingyang-lyu
Dinuka Manohara de Zoysa,,,Artificial intelligence,https://cis.unimelb.edu.au/people/graduate-researchers/artificial-intelligence/dinuka-manohara-de-zoysa
Fajri Koto,,,Artificial intelligence,https://cis.unimelb.edu.au/people/graduate-researchers/artificial-intelligence/fajri-koto
Farzaneh Zirak,,,Artificial intelligence,https://cis.unimelb.edu.au/people/graduate-researchers/artificial-intelligence/farzaneh-zirak
Fengze Sun,,,Artificial intelligence,https://cis.unimelb.edu.au/people/graduate-researchers/artificial-intelligence/fengze-sun
Giacomo Rosa,,,Artificial intelligence,https://cis.unimelb.edu.au/people/graduate-researchers/artificial-intelligence/giacomo-rosa
Gisela Vallejo,,,Artificial intelligence,https://cis.unimelb.edu.au/people/graduate-researchers/artificial-intelligence/gisela-vallejo
Haitian He,,,Artificial intelligence,https://cis.unimelb.edu.au/people/graduate-researchers/artificial-intelligence/haitian-he
Haoran Zhao,,,Artificial intelligence,https://cis.unimelb.edu.au/people/graduate-researchers/artificial-intelligence/haoran-zhao
Haoyuan Li,,,Artificial intelligence,https://cis.unimelb.edu.au/people/graduate-researchers/artificial-intelligence/haoyuan-li
Harindu Ashan,,,Artificial intelligence,https://cis.unimelb.edu.au/people/graduate-researchers/artificial-intelligence/harindu-ashan-kankanange
Harvey Zhang,,,Artificial intelligence,https://cis.unimelb.edu.au/people/graduate-researchers/artificial-intelligence/harvey-zhang
Heethanjan Kanagalingam,,,Artificial intelligence,https://cis.unimelb.edu.au/people/graduate-researchers/artificial-intelligence/heethanjan-kanagalingam
Hesam Asadollahzadeh,,,Artificial intelligence,https://cis.unimelb.edu.au/people/graduate-researchers/artificial-intelligence/hesam-asadollahzadeh
Hong Yi Lin,,,Artificial intelligence,https://cis.unimelb.edu.au/people/graduate-researchers/artificial-intelligence/hong-yi-lin
Hugo Lyons Keenan,,,Artificial intelligence,https://cis.unimelb.edu.au/people/graduate-researchers/artificial-intelligence/hugo-lyons-keenan
Hyunsuk (David) Chung,,,Artificial intelligence,https://cis.unimelb.edu.au/people/graduate-researchers/artificial-intelligence/hyunsuk-david-chung
Isura Manchanayaka,,,Artificial intelligence,https://cis.unimelb.edu.au/people/graduate-researchers/artificial-intelligence/isura-manchanayaka
Jemima Kang,,,Artificial intelligence,https://cis.unimelb.edu.au/people/graduate-researchers/artificial-intelligence/jemima-kang
Jiacheng Zhang,,,Artificial intelligence,https://cis.unimelb.edu.au/people/graduate-researchers/artificial-intelligence/jiacheng-zhang
Jiaheng Dong,,,Artificial intelligence,https://cis.unimelb.edu.au/people/graduate-researchers/artificial-intelligence/jiaheng-dong
Jiajia Song,,,Artificial intelligence,https://cis.unimelb.edu.au/people/graduate-researchers/artificial-intelligence/jiajia-song
Jiani Xie,,,Artificial intelligence,https://cis.unimelb.edu.au/people/graduate-researchers/artificial-intelligence/jiani-xie
Jie Huang,,,Artificial intelligence,https://cis.unimelb.edu.au/people/graduate-researchers/artificial-intelligence/jie-huang
Jie Yang,,,Artificial intelligence,https://cis.unimelb.edu.au/people/graduate-researchers/artificial-intelligence/jie-yang
Jinhao Li,,,Artificial intelligence,https://cis.unimelb.edu.au/people/graduate-researchers/artificial-intelligence/jinhao-li
Jinrui Yang,,,Artificial intelligence,https://cis.unimelb.edu.au/people/graduate-researchers/artificial-intelligence/jinrui-yang
Jinxi Wang,,,Artificial intelligence,https://cis.unimelb.edu.au/people/graduate-researchers/artificial-intelligence/jinxi-wang
Johnson Zhou,,,Artificial intelligence,https://cis.unimelb.edu.au/people/graduate-researchers/artificial-intelligence/johnson-zhou
Kasra Kamali,,,Artificial intelligence,https://cis.unimelb.edu.au/people/graduate-researchers/artificial-intelligence/kasra-kamali
Kejian Cui,,,Artificial intelligence,https://cis.unimelb.edu.au/people/graduate-researchers/artificial-intelligence/kejian-cui
Kevin McDonald,,,Artificial intelligence,https://cis.unimelb.edu.au/people/graduate-researchers/artificial-intelligence/kevin-mcdonald
Khawar Islam,,,Artificial intelligence,https://cis.unimelb.edu.au/people/graduate-researchers/artificial-intelligence/khawar-islam
Laura Simoes Camargo,,,Artificial intelligence,https://cis.unimelb.edu.au/people/graduate-researchers/artificial-intelligence/laura-camargo
Liu Liu Chen,,,Artificial intelligence,https://cis.unimelb.edu.au/people/graduate-researchers/artificial-intelligence/liu-liu-chen
Lyndon Benke,,,Artificial intelligence,https://cis.unimelb.edu.au/people/graduate-researchers/artificial-intelligence/lydon-benke
Maria Bulychev,,,Artificial intelligence,https://cis.unimelb.edu.au/people/graduate-researchers/artificial-intelligence/maria-bulychev
Marzieh Parvaneh Akhteh Khaneh,,,Artificial intelligence,https://cis.unimelb.edu.au/people/graduate-researchers/artificial-intelligence/marzieh-parvaneh-akhteh-khaneh
Mashnoon Islam,,,Artificial intelligence,https://cis.unimelb.edu.au/people/graduate-researchers/artificial-intelligence/mashnoon-islam
Matteo Guida,,,Artificial intelligence,https://cis.unimelb.edu.au/people/graduate-researchers/artificial-intelligence/matteo-guida
Mehreen Mubashar,,,Artificial intelligence,https://cis.unimelb.edu.au/people/graduate-researchers/artificial-intelligence/mehreen-mubashar
Meng Cai,,,Artificial intelligence,https://cis.unimelb.edu.au/people/graduate-researchers/artificial-intelligence/meng-cai
Ming-Bin Chen,,,Artificial intelligence,https://cis.unimelb.edu.au/people/graduate-researchers/artificial-intelligence/ming-bin-chen
Mitra Heidari,,,Artificial intelligence,https://cis.unimelb.edu.au/people/graduate-researchers/artificial-intelligence/mitra-heidari
Mohammad Reza Ghasemi Madani,,,Artificial intelligence,N/A
Mohammed Ishaq Mohammed Shoeb Ansari,,,Artificial intelligence,https://cis.unimelb.edu.au/people/graduate-researchers/artificial-intelligence/mohammed-ishaq-mohammed-shoeb-ansari
Mojgan Kouhounestani,,,Artificial intelligence,https://cis.unimelb.edu.au/people/graduate-researchers/artificial-intelligence/mojgan-kouhounestani
Muqing Guo,,,Artificial intelligence,https://cis.unimelb.edu.au/people/graduate-researchers/artificial-intelligence/muqing-guo
Muxing Li,,,Artificial intelligence,https://cis.unimelb.edu.au/people/graduate-researchers/artificial-intelligence/muxing-li
Nadeeshan Dissanayake,,,Artificial intelligence,https://cis.unimelb.edu.au/people/graduate-researchers/artificial-intelligence/nadeeshan-dissanayake
Navid Akhavan Attar,,,Artificial intelligence,https://cis.unimelb.edu.au/people/graduate-researchers/artificial-intelligence/navid-akhavan-attar
Nicholas Liang,,,Artificial intelligence,https://cis.unimelb.edu.au/people/graduate-researchers/artificial-intelligence/nicholas-liang
Nimeshika Udayangani,,,Artificial intelligence,https://cis.unimelb.edu.au/people/graduate-researchers/artificial-intelligence/nimeshika-udayangani
Oshada Jayasinghe,,,Artificial intelligence,https://cis.unimelb.edu.au/people/graduate-researchers/artificial-intelligence/oshada-jayasinghe
Pagnarasmey Pit,,,Artificial intelligence,https://cis.unimelb.edu.au/people/graduate-researchers/artificial-intelligence/pagnarasmey-pit
Pagnarith Pit,,,Artificial intelligence,https://cis.unimelb.edu.au/people/graduate-researchers/artificial-intelligence/pagnarith-pit
Paul Ou,,,Artificial intelligence,https://cis.unimelb.edu.au/people/graduate-researchers/artificial-intelligence/paul-ou
Priyanka Pillai,,,Artificial intelligence,https://cis.unimelb.edu.au/people/graduate-researchers/artificial-intelligence/priyanka-pillai
Ran Liang,,,Artificial intelligence,https://cis.unimelb.edu.au/people/graduate-researchers/artificial-intelligence/ran-liang
Raphael Merx,,,Artificial intelligence,https://cis.unimelb.edu.au/people/graduate-researchers/artificial-intelligence/raphael-merx
Rinu Ann Sebastian,,,Artificial intelligence,https://cis.unimelb.edu.au/people/graduate-researchers/artificial-intelligence/rinu-ann-sebastian
Roben Delos Reyes,,,Artificial intelligence,https://cis.unimelb.edu.au/people/graduate-researchers/artificial-intelligence/roben-delos-reyes
Robert Langtry,,,Artificial intelligence,https://cis.unimelb.edu.au/people/graduate-researchers/artificial-intelligence/robert-langtry
Rui Xing,,,Artificial intelligence,https://cis.unimelb.edu.au/people/graduate-researchers/artificial-intelligence/rui-xing
Ruijang Dong,,,Artificial intelligence,https://cis.unimelb.edu.au/people/graduate-researchers/artificial-intelligence/ruijang-dong
Sameera Vithanage,,,Artificial intelligence,https://cis.unimelb.edu.au/people/graduate-researchers/artificial-intelligence/sameera-vithanage
Sandra Arcos Holzinger,,,Artificial intelligence,https://cis.unimelb.edu.au/people/graduate-researchers/artificial-intelligence/sandra-arcos-holzinger
Saumya Hansanie Karunadhika,,,Artificial intelligence,https://cis.unimelb.edu.au/people/graduate-researchers/artificial-intelligence/saumya-hansanie-karunadhika
Sayantan Dasgupta,,,Artificial intelligence,https://cis.unimelb.edu.au/people/graduate-researchers/artificial-intelligence/sayantan-dasgupta
Shaona Cheng,,,Artificial intelligence,https://cis.unimelb.edu.au/people/graduate-researchers/artificial-intelligence/shaona-cheng
Shengxiang Gao,,,Artificial intelligence,https://cis.unimelb.edu.au/people/graduate-researchers/artificial-intelligence/shengxiang-gao
Shuhe Wang,,,Artificial intelligence,https://cis.unimelb.edu.au/people/graduate-researchers/artificial-intelligence/shuhe-wang
Shuo Yang,,,Artificial intelligence,https://cis.unimelb.edu.au/people/graduate-researchers/artificial-intelligence/shuo-yang
Sing Chee Tan,,,Artificial intelligence,https://cis.unimelb.edu.au/people/graduate-researchers/artificial-intelligence/sing-chee-tan
Siyi Wang,,,Artificial intelligence,https://cis.unimelb.edu.au/people/graduate-researchers/artificial-intelligence/siyi-wang
Songlin Du,,,Artificial intelligence,https://cis.unimelb.edu.au/people/graduate-researchers/artificial-intelligence/songlin-du
Soyoun Won,,,Artificial intelligence,https://cis.unimelb.edu.au/people/graduate-researchers/artificial-intelligence/soyoun-won
Susan Sheldrick,,,Artificial intelligence,https://cis.unimelb.edu.au/people/graduate-researchers/artificial-intelligence/susan-sheldrick
Tao Shi,,,Artificial intelligence,https://cis.unimelb.edu.au/people/graduate-researchers/artificial-intelligence/tao-shi
Thi Xuan May Le,,,Artificial intelligence,https://cis.unimelb.edu.au/people/graduate-researchers/artificial-intelligence/thi-xuan-may-le
Thye Shan Ng,,,Artificial intelligence,https://cis.unimelb.edu.au/people/graduate-researchers/artificial-intelligence/thye-shan-ng
Tianyi Zhang,,,Artificial intelligence,https://cis.unimelb.edu.au/people/graduate-researchers/artificial-intelligence/tianyi-zhang
Tien Dung Pham,,,Artificial intelligence,https://cis.unimelb.edu.au/people/graduate-researchers/artificial-intelligence/tien-dung-pham
Tingxuan Wang,,,Artificial intelligence,https://cis.unimelb.edu.au/people/graduate-researchers/artificial-intelligence/tingxuan-wang
Tom Harris,,,Artificial intelligence,https://cis.unimelb.edu.au/people/graduate-researchers/artificial-intelligence/tom-harris
Tuan Duong (Tony) Trinh,,,Artificial intelligence,https://cis.unimelb.edu.au/people/graduate-researchers/artificial-intelligence/tuan-duong-tony-trinh
Viktoria Schram,,,Artificial intelligence,https://cis.unimelb.edu.au/people/graduate-researchers/artificial-intelligence/viktoria-schram
Vincent Barbosa Vaz,,,Artificial intelligence,https://cis.unimelb.edu.au/people/graduate-researchers/artificial-intelligence/vincent-barbosa-vaz
Wachiraphan Charoenwet,,,Artificial intelligence,https://cis.unimelb.edu.au/people/graduate-researchers/artificial-intelligence/wachiraphan-charoenwet
Xueqi Ma,,,Artificial intelligence,https://cis.unimelb.edu.au/people/graduate-researchers/artificial-intelligence/xueqi-ma
Yanbei Jiang,,,Artificial intelligence,https://cis.unimelb.edu.au/people/graduate-researchers/artificial-intelligence/yanbei-jiang
Yang Xiao,,,Artificial intelligence,https://cis.unimelb.edu.au/people/graduate-researchers/artificial-intelligence/yang-xiao
Yige Song,,,Artificial intelligence,https://cis.unimelb.edu.au/people/graduate-researchers/artificial-intelligence/yige-song
Yilin Geng,,,Artificial intelligence,https://cis.unimelb.edu.au/people/graduate-researchers/artificial-intelligence/yilin-geng
Yiyi Guo,,,Artificial intelligence,https://cis.unimelb.edu.au/people/graduate-researchers/artificial-intelligence/yiyi-guo
Yuchen Luo,,,Artificial intelligence,https://cis.unimelb.edu.au/people/graduate-researchers/artificial-intelligence/yuchen-luo
Yuhao Li,,,Artificial intelligence,https://cis.unimelb.edu.au/people/graduate-researchers/artificial-intelligence/yuhao-li
Yuhao Tong,,,Artificial intelligence,https://cis.unimelb.edu.au/people/graduate-researchers/artificial-intelligence/yuhao-yong
Yuxiang Wang,,,Artificial intelligence,https://cis.unimelb.edu.au/people/graduate-researchers/artificial-intelligence/yuxiang-wang
Zaher Joukhadar,,,Artificial intelligence,https://cis.unimelb.edu.au/people/graduate-researchers/artificial-intelligence/zaher-joukhadar
Zewei Shi,,,Artificial intelligence,https://cis.unimelb.edu.au/people/graduate-researchers/artificial-intelligence/zewei-shi
Zheng Wei Lim,,,Artificial intelligence,https://cis.unimelb.edu.au/people/graduate-researchers/artificial-intelligence/zheng-wei-lim
Zhenkai Zhang,,,Artificial intelligence,https://cis.unimelb.edu.au/people/graduate-researchers/artificial-intelligence/zhenkai-zhang
Zhiaho Pei,,,Artificial intelligence,https://cis.unimelb.edu.au/people/graduate-researchers/artificial-intelligence/zhihao-pei
Zhijian Zhou,,,Artificial intelligence,https://cis.unimelb.edu.au/people/graduate-researchers/artificial-intelligence/zhijian-zhou
Zihan Xu,,,Artificial intelligence,https://cis.unimelb.edu.au/people/graduate-researchers/artificial-intelligence/zihan-xu
Zuqing Li,,,Artificial intelligence,https://cis.unimelb.edu.au/people/graduate-researchers/artificial-intelligence/zuqing-li
Abhishek Sawaika,,,Computer science,https://cis.unimelb.edu.au/people/graduate-researchers/computer-science/abhishek-sawaika
Anh Ho,,,Computer science,https://cis.unimelb.edu.au/people/graduate-researchers/computer-science/anh-ho
Chanuka Avishka Sandeepa Hewa Kaluannakkage,,,Computer science,https://cis.unimelb.edu.au/people/graduate-researchers/computer-science/chanuka-avishka-sandeepa-hewa-kaluannakkage
Cong-Thanh Le,,,Computer science,https://cis.unimelb.edu.au/people/graduate-researchers/computer-science/cong-thanh-le
Daghash Alqahtani,,,Computer science,https://cis.unimelb.edu.au/people/graduate-researchers/computer-science/daghash-alqahtani
Duneesha Tharangie Fernando,,,Computer science,https://cis.unimelb.edu.au/people/graduate-researchers/computer-science/duneesha-tharangie-fernando
Elisa Shiohi,,,Computer science,https://cis.unimelb.edu.au/people/graduate-researchers/computer-science/elisa-shiohi
Fatemeholsadat Hossini Saidi,,,Computer science,https://cis.unimelb.edu.au/people/graduate-researchers/computer-science/fatemeholsadat-hossini-saidi
Faxing Wang,,,Computer science,https://cis.unimelb.edu.au/people/graduate-researchers/computer-science/faxing-wang
Fengnian Lin,,,Computer science,https://cis.unimelb.edu.au/people/graduate-researchers/computer-science/fengnian-lin
Gerald Huang,,,Computer science,https://cis.unimelb.edu.au/people/graduate-researchers/computer-science/gerald-huang
Haoyu Bai,,,Computer science,https://cis.unimelb.edu.au/people/graduate-researchers/computer-science/haoyu-bai
Haoyu Gao,,,Computer science,https://cis.unimelb.edu.au/people/graduate-researchers/computer-science/haoyu-gao
Hongwei Yin,,,Computer science,https://cis.unimelb.edu.au/people/graduate-researchers/computer-science/hongwei-yin
Hossein Hosseini,,,Computer science,https://cis.unimelb.edu.au/people/graduate-researchers/computer-science/hossein-hosseini
Huy Nguyen,,,Computer science,https://cis.unimelb.edu.au/people/graduate-researchers/computer-science/huy-nguyen
Jie Zhao,,,Computer science,https://cis.unimelb.edu.au/people/graduate-researchers/computer-science/jie-zhao
Kanin Kearpimy,,,Computer science,https://cis.unimelb.edu.au/people/graduate-researchers/computer-science/kanin-kearpimy
Kanwal Aslam Syed,,,Computer science,https://cis.unimelb.edu.au/people/graduate-researchers/computer-science/kanwal-aslam-syed
Kasun Amarasinghe,,,Computer science,https://cis.unimelb.edu.au/people/graduate-researchers/computer-science/kasun-amarasinghe
Kwangsuk Song,,,Computer science,https://cis.unimelb.edu.au/people/graduate-researchers/computer-science/kwangsuk-song
Lankadinee Rathuwadu,,,Computer science,https://cis.unimelb.edu.au/people/graduate-researchers/computer-science/lankadinee-rathuwadu
Larissa Salerno,,,Computer science,https://cis.unimelb.edu.au/people/graduate-researchers/computer-science/larissa-salerno
Licheng Zhang,,,Computer science,https://cis.unimelb.edu.au/people/graduate-researchers/computer-science/licheng-zhang
Limalka Sadith Weerakkody Mudiyanselage,,,Computer science,https://cis.unimelb.edu.au/people/graduate-researchers/computer-science/limalka-sadith-weerakkody-mudiyanselage
Luca Morandini,,,Computer science,https://cis.unimelb.edu.au/people/graduate-researchers/computer-science/luca-morandini
Luxin Fang,,,Computer science,https://cis.unimelb.edu.au/people/graduate-researchers/computer-science/luxin-fang
Manh Dung Nguyen,,,Computer science,https://cis.unimelb.edu.au/people/graduate-researchers/computer-science/manh-dung-nguyen
Mansour Safar Poor,,,Computer science,https://cis.unimelb.edu.au/people/graduate-researchers/computer-science/mansour-safar-poor
Marjan Azimi,,,Computer science,https://cis.unimelb.edu.au/people/graduate-researchers/computer-science/marjan-azimi
Mike Zhuang,,,Computer science,https://cis.unimelb.edu.au/people/graduate-researchers/computer-science/mike-zhuang
Ming Chen,,,Computer science,https://cis.unimelb.edu.au/people/graduate-researchers/computer-science/ming-chen
Minh Hieu Huynh,,,Computer science,https://cis.unimelb.edu.au/people/graduate-researchers/computer-science/minh-hieu-huynh
Murtaza Rangwala,,,Computer science,https://cis.unimelb.edu.au/people/graduate-researchers/computer-science/murtaza-rangwala
Neil Vyas,,,Computer science,https://cis.unimelb.edu.au/people/graduate-researchers/computer-science/neil-vyas
Peerachai Banyongrakkul,,,Computer science,https://cis.unimelb.edu.au/people/graduate-researchers/computer-science/peerachai-banyongrakkul
Philip Cervenjak,,,Computer science,https://cis.unimelb.edu.au/people/graduate-researchers/computer-science/philip-cervenjak
Pilar Selene Linares Arevalo,,,Computer science,https://cis.unimelb.edu.au/people/graduate-researchers/computer-science/pilar-selene-linares-arevalo
Prabhjot Singh,,,Computer science,https://cis.unimelb.edu.au/people/graduate-researchers/computer-science/prabhjot-singh
Qifan Deng,,,Computer science,https://cis.unimelb.edu.au/people/graduate-researchers/computer-science/qifan-deng
Reyhaneh Goli,,,Computer science,https://cis.unimelb.edu.au/people/graduate-researchers/computer-science/reyhaneh-goli
Saeed Nasehibasharzad,,,Computer science,https://cis.unimelb.edu.au/people/graduate-researchers/computer-science/saeed-nasehi-basharzad
Sahan Hemachandra,,,Computer science,https://cis.unimelb.edu.au/people/graduate-researchers/computer-science/sahan-hemachandra
Samuel Thomas,,,Computer science,https://cis.unimelb.edu.au/people/graduate-researchers/computer-science/samuel-thomas
Shen Zhan,,,Computer science,https://cis.unimelb.edu.au/people/graduate-researchers/computer-science/shen-zhan
Shuzhi Gong,,,Computer science,https://cis.unimelb.edu.au/people/graduate-researchers/computer-science/shuzhi-gong
Siddharth Agarwal,,,Computer science,https://cis.unimelb.edu.au/people/graduate-researchers/computer-science/siddharth-agarwal
Stephen Luan,,,Computer science,https://cis.unimelb.edu.au/people/graduate-researchers/computer-science/stephen-luan
Thanh-Hoa Nguyen,,,Computer science,https://cis.unimelb.edu.au/people/graduate-researchers/computer-science/thanh-hoa-nguyen
Tian Qiu,,,Computer science,https://cis.unimelb.edu.au/people/graduate-researchers/computer-science/tian-qiu
Tianyu Qi,,,Computer science,https://cis.unimelb.edu.au/people/graduate-researchers/computer-science/tianyu-qi
Unaiza Alvi,,,Computer science,https://cis.unimelb.edu.au/people/graduate-researchers/computer-science/unaiza-alvi
Viet Hoang Luu,,,Computer science,https://cis.unimelb.edu.au/people/graduate-researchers/computer-science/viet-hoang-luu
Vinay Kabadi,,,Computer science,https://cis.unimelb.edu.au/people/graduate-researchers/computer-science/vinay-kabadi
Vincent Jackson,,,Computer science,https://cis.unimelb.edu.au/people/graduate-researchers/computer-science/vincent-jackson
Weijia Jia,,,Computer science,https://cis.unimelb.edu.au/people/graduate-researchers/computer-science/weijia-jia
Wenqi Yan,,,Computer science,https://cis.unimelb.edu.au/people/graduate-researchers/computer-science/wenqi-yan
Wentao Gao,,,Computer science,https://cis.unimelb.edu.au/people/graduate-researchers/computer-science/wentao-gao
Xiangyu Hui,,,Computer science,https://cis.unimelb.edu.au/people/graduate-researchers/computer-science/xiangyu-hui
Xiao Sun,,,Computer science,https://cis.unimelb.edu.au/people/graduate-researchers/computer-science/xiao-sun
Xing Li,,,Computer science,https://cis.unimelb.edu.au/people/graduate-researchers/computer-science/xing-li
Xu Bai,,,Computer science,https://cis.unimelb.edu.au/people/graduate-researchers/computer-science/xu-bai
Yifan Sun,,,Computer science,https://cis.unimelb.edu.au/people/graduate-researchers/computer-science/yifan-sun
Yifan Xie,,,Computer science,https://cis.unimelb.edu.au/people/graduate-researchers/computer-science/yifan-xie
Yujin Huang,,,Computer science,https://cis.unimelb.edu.au/people/graduate-researchers/computer-science/yujin-huang
Zhe Wang,,,Computer science,https://cis.unimelb.edu.au/people/graduate-researchers/computer-science/zhe-wang
Zhenzhi Lai,,,Computer science,https://cis.unimelb.edu.au/people/graduate-researchers/computer-science/zhenzhi-lai
Zhexiang Zhang,,,Computer science,https://cis.unimelb.edu.au/people/graduate-researchers/computer-science/zhexiang-zhang
Zhibo Xu,,,Computer science,https://cis.unimelb.edu.au/people/graduate-researchers/computer-science/zhibo-xu
Zhiyu Wang,,,Computer science,https://cis.unimelb.edu.au/people/graduate-researchers/computer-science/zhiyu-wang
Zhonghong Lai,,,Computer science,https://cis.unimelb.edu.au/people/graduate-researchers/computer-science/zhonghong-lai
Zhuo Chen,,,Computer science,https://cis.unimelb.edu.au/people/graduate-researchers/computer-science/zhuo-chen
Zhuo Zhang,,,Computer science,https://cis.unimelb.edu.au/people/graduate-researchers/computer-science/zhuo-zhang
Zhuowen Chen,,,Computer science,https://cis.unimelb.edu.au/people/graduate-researchers/computer-science/zhuowen-chen
Adam Davies,,,Human-Computer Interaction,https://cis.unimelb.edu.au/people/graduate-researchers/human-computer-interaction/adam-davies
Antony Linden,,,Human-Computer Interaction,https://cis.unimelb.edu.au/people/graduate-researchers/human-computer-interaction/antony-linden
Auzi Asfarian,,,Human-Computer Interaction,https://cis.unimelb.edu.au/people/graduate-researchers/human-computer-interaction/auzi-asfarian
Ava Karusoo-Musumeci,,,Human-Computer Interaction,https://cis.unimelb.edu.au/people/graduate-researchers/human-computer-interaction/ava-karusoo-musumeci
Cherie Mei Yee Sew,,,Human-Computer Interaction,https://cis.unimelb.edu.au/people/graduate-researchers/human-computer-interaction/cherie-mei-yee-sew
Chris Nelson,,,Human-Computer Interaction,https://cis.unimelb.edu.au/people/graduate-researchers/human-computer-interaction/chris-nelson
Chuanzhang Chen,,,Human-Computer Interaction,https://cis.unimelb.edu.au/people/graduate-researchers/human-computer-interaction/chuanzhang-chen
Eleanor Seale,,,Human-Computer Interaction,https://cis.unimelb.edu.au/people/graduate-researchers/human-computer-interaction/eleanor-seale
Emma Baillie,,,Human-Computer Interaction,https://cis.unimelb.edu.au/people/graduate-researchers/human-computer-interaction/emma-baillie
Geoffrey Hill,,,Human-Computer Interaction,https://cis.unimelb.edu.au/people/graduate-researchers/human-computer-interaction/geoffrey-hill
Huiwen Zhang,,,Human-Computer Interaction,https://cis.unimelb.edu.au/people/graduate-researchers/human-computer-interaction/huiwen-zhang
Jarod Govers,,,Human-Computer Interaction,https://cis.unimelb.edu.au/people/graduate-researchers/human-computer-interaction/jarod-govers
Jess Rowlings,,,Human-Computer Interaction,https://cis.unimelb.edu.au/people/graduate-researchers/human-computer-interaction/jess-rowlings
Jian Zhang,,,Human-Computer Interaction,https://cis.unimelb.edu.au/people/graduate-researchers/human-computer-interaction/jian-zhang
Joe Brailsford,,,Human-Computer Interaction,https://cis.unimelb.edu.au/people/graduate-researchers/human-computer-interaction/joe-brailsford
Josephine Delore,,,Human-Computer Interaction,https://cis.unimelb.edu.au/people/graduate-researchers/human-computer-interaction/josephine-delore
Khanh Nghiem,,,Human-Computer Interaction,https://cis.unimelb.edu.au/people/graduate-researchers/human-computer-interaction/khanh-nghiem
Le Fang,,,Human-Computer Interaction,https://cis.unimelb.edu.au/people/graduate-researchers/human-computer-interaction/le-fang
Lina Brockmeier,,,Human-Computer Interaction,https://cis.unimelb.edu.au/people/graduate-researchers/human-computer-interaction/lina-brockmeier
Lingxiao Li,,,Human-Computer Interaction,https://cis.unimelb.edu.au/people/graduate-researchers/human-computer-interaction/lingxiao-li
Matthew Sidji,,,Human-Computer Interaction,https://cis.unimelb.edu.au/people/graduate-researchers/human-computer-interaction/matthew-sidji
Mayura Manawadu,,,Human-Computer Interaction,https://cis.unimelb.edu.au/people/graduate-researchers/human-computer-interaction/mayura-manawadu-manawaduge
Mingjun Yang,,,Human-Computer Interaction,https://cis.unimelb.edu.au/people/graduate-researchers/human-computer-interaction/mingjun-yang
Muhammad Bilal,,,Human-Computer Interaction,https://cis.unimelb.edu.au/people/graduate-researchers/human-computer-interaction/muhammad-bilal
Nasalifya Namwinga,,,Human-Computer Interaction,https://cis.unimelb.edu.au/people/graduate-researchers/human-computer-interaction/nasalifya-namwinga
Piumi Perera,,,Human-Computer Interaction,https://cis.unimelb.edu.au/people/graduate-researchers/human-computer-interaction/piumi-perera
Ruby Edwards,,,Human-Computer Interaction,https://cis.unimelb.edu.au/people/graduate-researchers/human-computer-interaction/ruby-edwards
Samangi Wadinambi Arachchi,,,Human-Computer Interaction,https://cis.unimelb.edu.au/people/graduate-researchers/human-computer-interaction/samangi-wadinambi-arachchi
Sara Khorasani,,,Human-Computer Interaction,https://cis.unimelb.edu.au/people/graduate-researchers/human-computer-interaction/sara-khorasani
Sarah Victoria Schoembs,,,Human-Computer Interaction,https://cis.unimelb.edu.au/people/graduate-researchers/human-computer-interaction/sarah-victoria-schoembs
Saumya Pareek,,,Human-Computer Interaction,https://cis.unimelb.edu.au/people/graduate-researchers/human-computer-interaction/saumya-pareek
Sayed Ramtin Tabatabaei Moghaddam,,,Human-Computer Interaction,https://cis.unimelb.edu.au/people/graduate-researchers/human-computer-interaction/sayed-ramtin-tabatabaei-moghaddam
Sehyuk Park,,,Human-Computer Interaction,https://cis.unimelb.edu.au/people/graduate-researchers/human-computer-interaction/sehyuk-park
SeungWon Jeong,,,Human-Computer Interaction,https://cis.unimelb.edu.au/people/graduate-researchers/human-computer-interaction/seungwon-jeong
Shiquan Zhang,,,Human-Computer Interaction,https://cis.unimelb.edu.au/people/graduate-researchers/human-computer-interaction/shiquan-zhang
Songyan Teng,,,Human-Computer Interaction,https://cis.unimelb.edu.au/people/graduate-researchers/human-computer-interaction/songyan-teng
Stella Yuan,,,Human-Computer Interaction,https://cis.unimelb.edu.au/people/graduate-researchers/human-computer-interaction/stella-yuan
Suwani Gunasekara,,,Human-Computer Interaction,https://cis.unimelb.edu.au/people/graduate-researchers/human-computer-interaction/suwani-gunasekara
Tharaka Ratnayake,,,Human-Computer Interaction,https://cis.unimelb.edu.au/people/graduate-researchers/human-computer-interaction/tharaka-ratnayake
Thomas Byers,,,Human-Computer Interaction,https://cis.unimelb.edu.au/people/graduate-researchers/human-computer-interaction/thomas-byers
Toni McLennan,,,Human-Computer Interaction,https://cis.unimelb.edu.au/people/graduate-researchers/human-computer-interaction/toni-mclennan
Wendy Cavenett,,,Human-Computer Interaction,https://cis.unimelb.edu.au/people/graduate-researchers/human-computer-interaction/wendy-cavenett
Xanthe Lowe-Brown,,,Human-Computer Interaction,https://cis.unimelb.edu.au/people/graduate-researchers/human-computer-interaction/xanthe-lowebrown
Yan Zhang,,,Human-Computer Interaction,https://cis.unimelb.edu.au/people/graduate-researchers/human-computer-interaction/yan-zhang
Ying Ma,,,Human-Computer Interaction,https://cis.unimelb.edu.au/people/graduate-researchers/human-computer-interaction/ying-ma
Yushan Xing,,,Human-Computer Interaction,https://cis.unimelb.edu.au/people/graduate-researchers/human-computer-interaction/yushan-xing
Zeinab Moghaddasi,,,Human-Computer Interaction,https://cis.unimelb.edu.au/people/graduate-researchers/human-computer-interaction/zeinab-moghaddasi
Zhaohengy Shi,,,Human-Computer Interaction,https://cis.unimelb.edu.au/people/graduate-researchers/human-computer-interaction/zhaoheng-shi
ABM Nayeem,,,Information systems,https://cis.unimelb.edu.au/people/graduate-researchers/information-systems/abm-nayeem
Adam Caldwell,,,Information systems,https://cis.unimelb.edu.au/people/graduate-researchers/information-systems/adam-caldwell
Aidan McLoughney,,,Information systems,https://cis.unimelb.edu.au/people/graduate-researchers/information-systems/aidan-mcloughney
Anandi Sethunga,,,Information systems,https://cis.unimelb.edu.au/people/graduate-researchers/information-systems/anandi-sethunga
Andrei Tour,,,Information systems,https://cis.unimelb.edu.au/people/graduate-researchers/information-systems/andrei-tour
Ashley Anderson,,,Information systems,https://cis.unimelb.edu.au/people/graduate-researchers/information-systems/ashley-anderson
Aulia Pradipta,,,Information systems,https://cis.unimelb.edu.au/people/graduate-researchers/information-systems/aulia-pradipta
Aurlie Leribaux,,,Information systems,https://cis.unimelb.edu.au/people/graduate-researchers/information-systems/aurelie-leribaux
Catherine Hills,,,Information systems,https://cis.unimelb.edu.au/people/graduate-researchers/information-systems/catherine-hills
Chen Luo,,,Information systems,https://cis.unimelb.edu.au/people/graduate-researchers/information-systems/chen-luo
David Eccles,,,Information systems,https://cis.unimelb.edu.au/people/graduate-researchers/information-systems/david-eccles
Davor Petreski,,,Information systems,https://cis.unimelb.edu.au/people/graduate-researchers/information-systems/davor-petreski
Deanna Coralage,,,Information systems,https://cis.unimelb.edu.au/people/graduate-researchers/information-systems/deanna-coralage
Dilang Tan,,,Information systems,https://cis.unimelb.edu.au/people/graduate-researchers/information-systems/dilang-tan
Fang Sun,,,Information systems,https://cis.unimelb.edu.au/people/graduate-researchers/information-systems/fang-sun
Farnaz Pirasteh,,,Information systems,https://cis.unimelb.edu.au/people/graduate-researchers/information-systems/farnaz-pirasteh
Goran Khursheed,,,Information systems,https://cis.unimelb.edu.au/people/graduate-researchers/information-systems/goran-khursheed
Guanyu Wang,,,Information systems,https://cis.unimelb.edu.au/people/graduate-researchers/information-systems/guanyu-wang
Hanan Alkhammash,,,Information systems,https://cis.unimelb.edu.au/people/graduate-researchers/information-systems/hanan-alkhammash
Hani Arab,,,Information systems,https://cis.unimelb.edu.au/people/graduate-researchers/information-systems/hani-arab
Heidi Peart,,,Information systems,https://cis.unimelb.edu.au/people/graduate-researchers/information-systems/heidi-peart
Herman Wahidin,,,Information systems,https://cis.unimelb.edu.au/people/graduate-researchers/information-systems/herman-wahidin
Hootan Zhian,,,Information systems,https://cis.unimelb.edu.au/people/graduate-researchers/information-systems/hootan-zhian
Hui Rao,,,Information systems,https://cis.unimelb.edu.au/people/graduate-researchers/information-systems/hui-rao
Jeremy Lindsay,,,Information systems,https://cis.unimelb.edu.au/people/graduate-researchers/information-systems/jeremy-lindsay
Jian Li,,,Information systems,https://cis.unimelb.edu.au/people/graduate-researchers/information-systems/jian-li
Jiawei Tong,,,Information systems,https://cis.unimelb.edu.au/people/graduate-researchers/information-systems/jiawei-tong
John Paul Cruz,,,Information systems,https://cis.unimelb.edu.au/people/graduate-researchers/information-systems/john-paul-cruz
Kejian Cui,,,Information systems,https://cis.unimelb.edu.au/people/graduate-researchers/information-systems/kejian-cui
Martin Chesbrough,,,Information systems,https://cis.unimelb.edu.au/people/graduate-researchers/information-systems/martin-chesbrough
Maryam Alshehri,,,Information systems,https://cis.unimelb.edu.au/people/graduate-researchers/information-systems/maryam-alshehri
Mazino Onibere,,,Information systems,https://cis.unimelb.edu.au/people/graduate-researchers/information-systems/mazino-onibere
Md (Aktar) Aktaruzzaman,,,Information systems,https://cis.unimelb.edu.au/people/graduate-researchers/information-systems/md-aktar-aktaruzzaman
Mingxin Zhang,,,Information systems,https://cis.unimelb.edu.au/people/graduate-researchers/information-systems/mingxin-zhang
Mohammad Ariful Islam,,,Information systems,https://cis.unimelb.edu.au/people/graduate-researchers/information-systems/mohammad-ariful-islam
Mohammed Alsubaie,,,Information systems,https://cis.unimelb.edu.au/people/graduate-researchers/information-systems/mohammed-alsubaie
Muku Akasaka,,,Information systems,https://cis.unimelb.edu.au/people/graduate-researchers/information-systems/muku-akasaka
Nataliia (Natasha) Tashevtseva,,,Information systems,https://cis.unimelb.edu.au/people/graduate-researchers/information-systems/nataliia-natasha-tashevtseva
Nick Howard,,,Information systems,https://cis.unimelb.edu.au/people/graduate-researchers/information-systems/nick-howard
Nimra Akram,,,Information systems,https://cis.unimelb.edu.au/people/graduate-researchers/information-systems/nimra-akram
Noushin Nazarian,,,Information systems,https://cis.unimelb.edu.au/people/graduate-researchers/information-systems/noushin-nazarian
Pengfei Yin,,,Information systems,https://cis.unimelb.edu.au/people/graduate-researchers/information-systems/pengfei-yin
Qianyi Li,,,Information systems,https://cis.unimelb.edu.au/people/graduate-researchers/information-systems/qianyi-li
Qingtan Shen,,,Information systems,https://cis.unimelb.edu.au/people/graduate-researchers/information-systems/qingtan-shen
Rahmat Fadhli,,,Information systems,https://cis.unimelb.edu.au/people/graduate-researchers/information-systems/rahmat-fadhli
Raif Al Bedewi,,,Information systems,https://cis.unimelb.edu.au/people/graduate-researchers/information-systems/raif-al-bedewi
Rashika Bahl,,,Information systems,https://cis.unimelb.edu.au/people/graduate-researchers/information-systems/rashika-bahl
Sam Pitruzello,,,Information systems,https://cis.unimelb.edu.au/people/graduate-researchers/information-systems/sam-pitruzzello
Sarah Alzahrani,,,Information systems,https://cis.unimelb.edu.au/people/graduate-researchers/information-systems/sarah-alzahrani
Scott Ainslie,,,Information systems,https://cis.unimelb.edu.au/people/graduate-researchers/information-systems/scott-ainslie
Suhail Najeeb,,,Information systems,https://cis.unimelb.edu.au/people/graduate-researchers/information-systems/suhail-najeeb
Thakshila Dilrukshi,,,Information systems,https://cis.unimelb.edu.au/people/graduate-researchers/information-systems/thakshila-dilrukshi
Tian Li,,,Information systems,https://cis.unimelb.edu.au/people/graduate-researchers/information-systems/tian-li
Timothy Kariotis,,,Information systems,https://cis.unimelb.edu.au/people/graduate-researchers/information-systems/timothy-kariotis
Victoria Sonnemans,,,Information systems,https://cis.unimelb.edu.au/people/graduate-researchers/information-systems/victoria-sonnemans
Wenjun Zhou,,,Information systems,https://cis.unimelb.edu.au/people/graduate-researchers/information-systems/wenjun-zhou
Xiaojun Xu,,,Information systems,https://cis.unimelb.edu.au/people/graduate-researchers/information-systems/xiaojun-xu
Xinyu He,,,Information systems,https://cis.unimelb.edu.au/people/graduate-researchers/information-systems/xinyu-he
Xunye Tian,,,Information systems,https://cis.unimelb.edu.au/people/graduate-researchers/information-systems/xunye-tian
Yaru Liu,,,Information systems,https://cis.unimelb.edu.au/people/graduate-researchers/information-systems/yaru-liu
Yolanda Chintanu,,,Information systems,https://cis.unimelb.edu.au/people/graduate-researchers/information-systems/yolanda-chintanu
Yong Zhu,,,Information systems,https://cis.unimelb.edu.au/people/graduate-researchers/information-systems/yong-zhu
Zitong Wang,,,Information systems,https://cis.unimelb.edu.au/people/graduate-researchers/information-systems/zitong-wang
Steven Baker,Dr,Honorary Fellow,Honorary staff,https://findanexpert.unimelb.edu.au/profile/779540
Kasun Bandara,Dr,Honorary Fellow,Honorary staff,https://findanexpert.unimelb.edu.au/profile/884517
Zhifeng Bao,Dr,Honorary Fellow,Honorary staff,https://findanexpert.unimelb.edu.au/profile/806696
Daniel Beck,Dr,Honorary Senior Fellow,Honorary staff,https://findanexpert.unimelb.edu.au/profile/672197
Jim Bezdek,Prof,Honorary Senior Fellow,Honorary staff,https://findanexpert.unimelb.edu.au/profile/22301
Joseph Bonneau,Prof,Honorary Senior Fellow,Honorary staff,https://findanexpert.unimelb.edu.au/profile/864577
Rachelle Bosua,Dr,Honorary Senior Fellow,Honorary staff,https://findanexpert.unimelb.edu.au/profile/18252
George Buchanan,A/Prof,Honorary fellow,Honorary staff,https://findanexpert.unimelb.edu.au/profile/793596
Chris Culnane,Dr,Honorary Fellow,Honorary staff,https://findanexpert.unimelb.edu.au/profile/780936
Partha De,Mr,Honorary Fellow,Honorary staff,https://findanexpert.unimelb.edu.au/profile/822948
Frank Dignum,A/Prof,Honorary Professorial Fellow,Honorary staff,https://findanexpert.unimelb.edu.au/profile/5489
"A/Prof
                            Virginia Dignum",,Honorary Professorial Fellow,Honorary staff,N/A
Tilman Dingler,Dr,Honorary Senior Fellow,Honorary staff,https://findanexpert.unimelb.edu.au/profile/814587
Paul Dourish,Prof,Honorary Senior Fellow,Honorary staff,https://findanexpert.unimelb.edu.au/profile/605138
Hong Jia,Dr,Honorary Senior Fellow,Honorary staff,https://findanexpert.unimelb.edu.au/profile/1071577
Qiuhong Ke,Dr,Honorary Fellow,Honorary staff,https://findanexpert.unimelb.edu.au/profile/861653
Ryan Kelly,Dr,Honorary Senior Fellow,Honorary staff,https://findanexpert.unimelb.edu.au/profile/813635
Jarrod Knibbe,Dr,Honorary Senior Fellow,Honorary staff,https://findanexpert.unimelb.edu.au/profile/860467
Daniel Ma,Dr,Honorary Fellow,Honorary staff,https://findanexpert.unimelb.edu.au/profile/776741
Dana McKay,Dr,Honorary Senior Fellow,Honorary staff,https://findanexpert.unimelb.edu.au/profile/778116
Timothy Miller,Prof,Honorary Professorial Fellow,Honorary staff,https://findanexpert.unimelb.edu.au/profile/185221
"Mr
                            Curtis Murray",,Honorary Fellow,Honorary staff,N/A
Humza Naseer,Dr,Honorary Fellow,Honorary staff,https://findanexpert.unimelb.edu.au/profile/718900
Lida Rashidi,Dr,Honorary Fellow,Honorary staff,https://findanexpert.unimelb.edu.au/profile/676939
Ellie Ripley,Dr,Honorary Fellow,Honorary staff,https://findanexpert.unimelb.edu.au/profile/342668
Peter Seddon,Prof,Honorary Professorial Fellow,Honorary staff,https://findanexpert.unimelb.edu.au/profile/12816
"Mr
                            Jurij Semkiw",,Honorary Senior Fellow,Honorary staff,N/A
Graeme Shanks,Prof,Honorary Professorial Fellow,Honorary staff,https://findanexpert.unimelb.edu.au/profile/4529
Rob Sison,Dr,Honorary Fellow,Honorary staff,https://findanexpert.unimelb.edu.au/profile/877887
Harald Sondergaard,Prof,Honorary Professorial Fellow,Honorary staff,https://findanexpert.unimelb.edu.au/profile/13416
Peter Stuckey,Prof,Honorary Professorial Fellow,Honorary staff,https://findanexpert.unimelb.edu.au/profile/14142
Yuan Sun,Dr,Honorary Fellow,Honorary staff,https://findanexpert.unimelb.edu.au/profile/777387
Benjamin Tag,Dr,Honorary Fellow,Honorary staff,https://findanexpert.unimelb.edu.au/profile/852535
Farbod Taymouri,Dr,Honorary Fellow,Honorary staff,https://findanexpert.unimelb.edu.au/profile/842916
"A/Prof
                            Peter Thorne",,Honorary Principal Fellow,Honorary staff,N/A
Christoph Treude,Dr,Honorary Principal Fellow,Honorary staff,https://findanexpert.unimelb.edu.au/profile/893490
Andrew Turpin,Prof,Honorary Professorial Fellow,Honorary staff,https://findanexpert.unimelb.edu.au/profile/28732
Eduardo Velloso,Prof,Honorary Professorial Fellow,Honorary staff,https://findanexpert.unimelb.edu.au/profile/710004
Karin Verspoor,Prof,Honorary Professorial Fellow,Honorary staff,https://findanexpert.unimelb.edu.au/profile/458973
Tony Wirth,Prof,Honorary Professorial Fellow,Honorary staff,https://findanexpert.unimelb.edu.au/profile/51117
"A/Prof
                            Callum Wright",,Honorary Principal Fellow,Honorary staff,N/A
